{
  "local_points": [
    [
      0.0,
      0.0
    ],
    [
      1.0,
      1.0
    ]
  ],
  "reference_points": [
    [
      55.708955,
      13.210666
    ],
    [
      55.709067,
      13.210856
    ]
  ]
}
